{
  "name": "RLAmod",
  "version": "1.2.0",
  "title": "Russian locale for Angel's mod",
  "author": "D7PEK",
  "contact": "https://t.me/d7pek",
  "homepage": "https://github.com/D7PEK/Russian-locale-for-Angels-mod",
  "factorio_version": "1.0",
  "description": "ПОЛНЫЙ Перевод модов от Arch666Angel  \n\nAngel's Refining \nAngel's Smelting \nAngel's Industries \nAngel's Petro Chemical Processing \nAngel's Bio Processing \nAngel's Exploration \nAngel's Infinite Ores  \n \nWarehouses \nOre Silos \nPressure Tanks \nPetrochem Train \nSmelting Train \nAngel's Addons - Crawler Train \nDecorations - Nilaus \nDecorations - ShredNation",
  "dependencies": ["base >= 1.0.0",

    "? angelsinfiniteores >= 0.9.3",
    "? angelsrefining >= 0.11.13",
    "? angelssmelting >= 0.6.8",
    "? angelspetrochem >= 0.9.11",
    "? angelsindustries >= 0.4.3",
    "? angelsbioprocessing >= 0.7.11",
    "? angelsexploration >= 0.3.5",
    "? angelsaddons-cab >= 0.2.2",
    "? angelsaddons-nilaus >= 0.3.9",
    "? angelsaddons-shred >= 0.2.2",
    "? angelsaddons-storage >= 0.0.1",
    "? angelsaddons-mobility >= 0.0.1",

    "? ShinyAngelGFX >= 0.18.4"
	]
}
